"modelType","feature","OR","X","DF"
"camel _BASE","LOC",0.95011864051138,211.258052625926,1
"camel _BASE","pre_bug",0.331814219451194,13.1672802469611,1
"camel _BASE","codeChurn",0.151826068723519,21.5475727839566,1
"camel _BASE","ts_coupling_prod",-0.322713027468307,30.783547923108,1
