"modelType","feature","OR","X","DF"
"karaf _BASE","LOC",0.235543119223059,6.06878158184173,1
"karaf _BASE","tt_coupling_prod",-0.714467006101352,4.19083660215489,1
