"modelType","feature","OR","X","DF"
"zookeeper _BASE","LOC",0.877208829644883,40.4856946972117,1
"zookeeper _BASE","pre_bug",3.0502628477776,29.0497524000037,1
"zookeeper _BASE","codeChurn",-0.384073483747332,10.1572962672002,1
